created_at,username,text
2021-10-14 11:50:32+00:00,chaoticbeer,@4theshows @nbcbrooklyn99 @melissafumero @thelonelyisland theyâ€™re the only ones
2021-10-14 11:49:20+00:00,Styleads1,@bellabasciani @nbcbrooklyn99 Bromance taken to the next level
2021-10-14 11:18:08+00:00,amesfavss,@4theshows @nbcbrooklyn99 @melissafumero @thelonelyisland my power coupleğŸ˜©ğŸ˜©ğŸ’•
2021-10-14 10:46:39+00:00,Z_District,"Brooklyn Nine Nine has come to an end, a damn good show @nbcbrooklyn99 https://t.co/EqD1XQIc2U"
2021-10-14 06:14:58+00:00,el_marko11,@AvineshDillon @nbcbrooklyn99 Yeah in Kotte
2021-10-14 06:10:18+00:00,ryudian,RT @nbcbrooklyn99: TOYSM &gt; TOYST. https://t.co/mQTUtaA2va
2021-10-14 06:08:08+00:00,ryudian,RT @nbcbrooklyn99: A moment years in the making. https://t.co/1ubZcxKjxT
2021-10-14 02:59:59+00:00,beanyzilla,"Thanks @nbcbrooklyn99 for all the laughs, and a pretty good cry. Wasnâ€™t ready for it to be over but it was a wonderâ€¦ https://t.co/Ftvu6tiQkC"
2021-10-14 02:35:35+00:00,MelCase9,"Come on and party tonight...he's right, it is catchy

@nbcbrooklyn99 
#Brooklyn99 #peralta #jakeperalta https://t.co/VsfmCXDjfg"
2021-10-14 02:27:50+00:00,usosuru,"@nbcbrooklyn99 Thank you for an amazing show. Absolutely loved everything about it. 99!!!
#Brooklyn99 https://t.co/Ui8FzBCobD"
2021-10-14 01:30:03+00:00,ilysmeIissa,@casecations @melissafumero @nbcbrooklyn99 @juliannasimon @melissafumero please look at this... we call her amy santiago brazilian
2021-10-14 01:04:37+00:00,perkcation,@casecations @melissafumero @nbcbrooklyn99 @juliannasimon @melissafumero LOOKKK
2021-10-14 01:00:01+00:00,juliannasimon,@casecations @melissafumero @nbcbrooklyn99 mel @melissafumero you should see this
2021-10-14 00:56:09+00:00,casecations,thank you @melissafumero for have played someone as special as amy! I will be forever grateful that you andâ€¦ https://t.co/Hy8mGIbOf3
2021-10-14 00:23:57+00:00,emoleechen,"""tiny terry did what he had to do!"" - terry // @terrycrews 

@nbcbrooklyn99 #BrooklynNineNine"
2021-10-13 23:53:32+00:00,britL86,Ok Iâ€™m almost done watching @nbcbrooklyn99 and now Iâ€™m super upset there is no more episodes.  I think it is time fâ€¦ https://t.co/9DoXgSZbyQ
2021-10-13 22:26:22+00:00,ChristinaSwayn1,"@nbcbrooklyn99 #adrianpimento @LateNightSeth 

For Jasonâ€™s collection of fine Ebay art
https://t.co/J1Luosr2N9"
2021-10-13 22:19:27+00:00,JetPackSteve1,@nbcbrooklyn99 @thelonelyisland So are we ever going to see the episodes with uncensored swear words made after B99â€¦ https://t.co/mjZmsEnMly
2021-10-13 21:59:04+00:00,rachelintweets,@helen_ngoc @nbcbrooklyn99 It has but I want to finish Ted Lasso first! Itâ€™s next on my list.
2021-10-13 21:28:28+00:00,cams_artstudio,I love that in @nbcbrooklyn99 this is the exact moment that Jake Peralta decides that he wants to marry Amy Santiagâ€¦ https://t.co/jq2ZaZnMaR
2021-10-13 21:27:49+00:00,jnorman8711,@nbcbrooklyn99 Difference between a hole and a pit
2021-10-13 21:14:15+00:00,AlexForOffice,"RT @ShawntayDalon: One of my favorites. Bcz unfortunately, this is too familiar. Iâ€™m truly tired of the abuse of Black &amp; POC by law enforceâ€¦"
2021-10-13 21:02:30+00:00,ShawntayDalon,"One of my favorites. Bcz unfortunately, this is too familiar. Iâ€™m truly tired of the abuse of Black &amp; POC by law enâ€¦ https://t.co/s4Y9Pr0kPF"
2021-10-13 20:56:41+00:00,IamSubhayu,"@nbcbrooklyn99 the bot is summoning Wuntch from the dead.

You have to put a stop to this. There's only one man forâ€¦ https://t.co/9q5Rj9brwu"
2021-10-13 20:47:38+00:00,mayelmahdy4,why no one ever talked about brooklyn nine-nine ep.01 season 8?!! They summarized 2020 in like 2 mins !!! ğŸ˜‚ Feels wâ€¦ https://t.co/Zf50jUWPcl
2021-10-13 18:50:30+00:00,tanushreevij,"So long, Nine-Nine â™¥ï¸
Thank you for the smiles and memories. @nbcbrooklyn99 

#theperfectgoodbye #b99 #Brooklynninenine"
2021-10-13 18:38:40+00:00,helen_ngoc,@rachelintweets @nbcbrooklyn99 That scene alone wasn't enough to hook you in? Haha
2021-10-13 18:28:11+00:00,_megannoel,â€œiâ€™ve never watched @nbcbrooklyn99â€ ğŸš©ğŸš©ğŸš©ğŸš©ğŸš©ğŸš©ğŸš©ğŸš©ğŸš©ğŸš©ğŸš©
2021-10-13 18:03:33+00:00,MBanocha,RT @sariam_69: @nbcbrooklyn99 how to get your best friend to kiss his wife in front of you
2021-10-13 18:01:24+00:00,this_is_maz,@nbcbrooklyn99 just steals my heart every episode.
2021-10-13 16:47:09+00:00,CaptainCj99,RT @nbcbrooklyn99: Rosa Diaz continues to inspire. Happy #BiVisibilityDay! https://t.co/t4nBdiQZf3
2021-10-13 16:45:13+00:00,CaptainCj99,RT @nbcbrooklyn99: Sparks Fly (Kevin and Raymond's Version) ğŸ¥º https://t.co/c3gTEVRNVO
2021-10-13 16:44:37+00:00,CaptainCj99,@nbcbrooklyn99 ğŸ‘‘ğŸ‘‘ğŸ‘‘ğŸ‘‘ I KNEW IT!!! AS IF SCULLY AND HITCHCOCK COULD EVER BE APART THAT LONG!!!!!!
2021-10-13 16:44:19+00:00,a_hattig,Not me absolutely crying over @nbcbrooklyn99â€™s last episode. My favorite show of the last 8 years. I hate this ğŸ˜­
2021-10-13 16:43:02+00:00,CaptainCj99,@nbcbrooklyn99 How to perk up your little man
2021-10-13 16:42:53+00:00,screachingpebis,@nbcbrooklyn99 how to realise when your speaking dirty
2021-10-13 16:16:52+00:00,AnalogWalrus,@dslifton @nbcbrooklyn99 @DarcieMaurer @DebFilcman Admitting you have a problem is the first step
2021-10-13 16:06:38+00:00,AnalogWalrus,@dslifton @nbcbrooklyn99 @DarcieMaurer @DebFilcman It was very good. But Iâ€™m still processing. And sad about it.
2021-10-13 16:03:29+00:00,gamerpr21341719,@nbcbrooklyn99 iv been watching for awhile and when the ending hit I cried. Brooklyn nine brings me to a happy place and it will be missed
2021-10-13 15:57:47+00:00,GreggyCo,@terrycrews I just hope I ain't no one from @nbcbrooklyn99
2021-10-13 15:54:21+00:00,Charlot63123215,@entitled2life @nbcbrooklyn99 Iâ€™m watching it too - fun!
2021-10-13 15:25:40+00:00,entitled2life,I would like to thank the cast and crew of @nbcbrooklyn99 . Watching the series over from the beginning during whatâ€¦ https://t.co/uefuUzhhde
2021-10-13 15:05:21+00:00,MachuDaPichu,"@nbcbrooklyn99 Bullets over Broadway, Diane Weist compilation"
2021-10-13 12:28:58+00:00,HeavySweetness,@nbcbrooklyn99 All of these are wrong unless they end in â€œI love youâ€
2021-10-13 12:12:00+00:00,9drink_amy,RT @9drink_amy: @nbcbrooklyn99 How to find the best â€˜stume for Halloween without everyone laughing at you?
2021-10-13 10:54:08+00:00,To_beFlenderson,"@nbcbrooklyn99 ""How to retrieve my sperms from the sperm bank without letting my ex wife know"""
2021-10-13 10:48:05+00:00,DaSupaNova,"@CorridorDigital quite funny how @nbcbrooklyn99 left a green glove to be rotoscoped, so much more work than just haâ€¦ https://t.co/qd4rSAHEhq"
2021-10-13 09:10:49+00:00,kkaepsongiee,@nbcbrooklyn99 Mervyn's clothing store near me
2021-10-13 09:05:25+00:00,island_tale_,where can i buy a jake peralta? i am ready to sell my kidney @nbcbrooklyn99
2021-10-13 07:38:28+00:00,joshinpolaroids,@nbcbrooklyn99 How to make your best friend not have any other friends/best friend?
2021-10-13 06:41:59+00:00,JannatulShoilee,WAIT! @EugeneLeeYang was in @nbcbrooklyn99??? How did I not know that? https://t.co/lQCK02nh6y
2021-10-13 06:27:46+00:00,BlackthoughttZ,@nbcbrooklyn99 Jake paralta  Charles Boyle Best Friend
2021-10-13 06:24:12+00:00,josieeeea,@melsperalta @nbcbrooklyn99 @melissafumero Omg thank you ğŸ˜­â¤ï¸
2021-10-13 06:24:01+00:00,josieeeea,@hedair01 @nbcbrooklyn99 @melissafumero Thank you!!!
2021-10-13 06:04:54+00:00,jakesheist,"RT @josieeeea: #PERALTIAGO: thereâ€™s a typo in this crossword puzzle ğŸ”ğŸ¤

Itâ€™s been a long time coming, but Iâ€™ve finally made a start on my Bâ€¦"
2021-10-13 05:58:15+00:00,hedair01,"@josieeeea @nbcbrooklyn99 @melissafumero The talent, omg ğŸ˜ğŸ¥º"
2021-10-13 04:37:22+00:00,YahyaImran,"@nbcbrooklyn99 ""Is domain Bone Bro taken?"""
2021-10-13 04:34:06+00:00,MonkeyUNCHAINED,This one has hooked me since the first episode.. One will ROFL all through the episode.. Loving all the characters.â€¦ https://t.co/fBZJKn5GKQ
2021-10-13 04:31:30+00:00,VaughnQuinto,"RT @amesfavss: @nbcbrooklyn99 THEY'VE COME SO FARğŸ˜­
https://t.co/8dRJH1qQkX"
2021-10-13 03:27:57+00:00,rachelintweets,"@helen_ngoc @nbcbrooklyn99 Iâ€™ve seen clips of the suspect line up singing Backstreet Boys, does that count? lol"
2021-10-13 03:26:52+00:00,AnalogWalrus,@dslifton @nbcbrooklyn99 I honestly canâ€™t think of many other shows that ran this long where it still feels like itâ€¦ https://t.co/84m5ZQcRRY
2021-10-13 03:20:43+00:00,Nikkimulhuarxzs,@nbcbrooklyn99 season 8 on @Netflix_PH pls ğŸ¥²
2021-10-13 03:13:18+00:00,sadplantdaddy,@nbcbrooklyn99 where to find illegal exotic meat in America
2021-10-13 03:07:45+00:00,AnalogWalrus,Havenâ€™t been able to bring myself to watch the @nbcbrooklyn99 finale until now. This might be rough. ğŸ˜”
2021-10-13 03:05:13+00:00,Black_Guy10000,"@nbcbrooklyn99 HELP, I think my best friend might be cheating on me!"
2021-10-13 02:44:59+00:00,RC77641520,@nbcbrooklyn99 Where to buy the ms Pac-Man original
2021-10-13 02:23:21+00:00,HpRaven89,RT @NicklessMaddy: @nbcbrooklyn99 â€œBest Latvian boy toys for your little manâ€
2021-10-13 02:08:49+00:00,sitcompaege,@nbcbrooklyn99 the best dressings to serve with frog legs
2021-10-13 02:00:23+00:00,1m_a_z0mb13,@nbcbrooklyn99 Bulk Order Lamb Ear Canals
2021-10-13 01:46:40+00:00,madupachsz,RT @nbcbrooklyn99: The #Brooklyn99 cast always knows their lines. But do they know their codes? https://t.co/xwYyrOwVlH
2021-10-13 01:33:18+00:00,therealpatmahon,@nbcbrooklyn99 Quality bat meat
2021-10-13 01:31:32+00:00,RileyBLynch,RT @nbcbrooklyn99: Thinking about how Jake Peralta is the master of surprises. #Brooklyn99 https://t.co/GKrYQKSper
2021-10-14 11:28:06+00:00,RedDevilAbhay18,"Think I found a Plot Hole in Brooklyn 99 ğŸ˜³
Holt said ""a Dirt Bag is a useful part of a Vacuum"" and hence, you shoulâ€¦ https://t.co/EhHNdP1KUZ"
2021-10-14 11:24:45+00:00,stripthatd0wney,"RT @peraltasburrito: #Brooklyn99 #JakePeralta
-
Mr Samberg youâ€™re under arrest for being too fine ğŸ™„âœ‹ğŸ» https://t.co/BUgjZTJ9qf"
2021-10-14 11:13:14+00:00,Fireinthedust,"@GailSimone Title of your sex tape!

â€¦I miss #Brooklyn99"
2021-10-14 11:00:22+00:00,4theshows,"idk if this has been done but itâ€™s literally both of them â€”
#Brooklyn99 https://t.co/QSdAGeseHp"
2021-10-14 10:58:51+00:00,JustinSiderOAFC,â€œBrooklyn Nine Nine isnâ€™t even funnyâ€ ğŸš©ğŸš©ğŸš©ğŸš©ğŸš©ğŸš© #Brooklyn99
2021-10-14 10:42:47+00:00,thanku_Ri,RT @peraltiagodaily: this was probably the moment when jake made his important decision ğŸ¥ºâ¤ï¸ #Brooklyn99 https://t.co/re9dvkiowE
2021-10-14 10:34:23+00:00,thanku_Ri,RT @peraltiagodaily: everyone says: thank you dan goor for this parallel #Brooklyn99 https://t.co/jbu5jrPHC7
2021-10-14 10:03:31+00:00,Cezthehappyclam,"Just done watching the #Brooklynninenine finale and dammit! Another great show over and done with.

#Brooklyn99 https://t.co/Q0bXXh1kU6"
2021-10-14 09:40:12+00:00,shashankc019,"""I dont like #Brooklyn99"" ğŸš©ğŸš©ğŸš©ğŸš©ğŸš©ğŸš©ğŸš©ğŸš©ğŸš©ğŸš©ğŸš©ğŸš©ğŸš©ğŸš©ğŸš©ğŸš©ğŸš©ğŸš©ğŸš©ğŸš©ğŸš©ğŸš©ğŸš©ğŸš©ğŸš©ğŸš©ğŸš©"
2021-10-14 08:30:40+00:00,peraltasburrito,"#Brooklyn99 #JakePeralta
-
Mr Samberg youâ€™re under arrest for being too fine ğŸ™„âœ‹ğŸ» https://t.co/BUgjZTJ9qf"
2021-10-14 08:27:29+00:00,_smiiii_,"You don't need to be Romeo,
Be my Jake please ğŸ’
#b99 #Brooklyn99 https://t.co/niRweWNrBP"
2021-10-14 08:17:29+00:00,Jummanaa_,I love Boyle ğŸ¤£ #Brooklyn99
2021-10-14 07:40:04+00:00,digitalspy,"Brooklyn Nine-Nine cast have mini reunion following last season:

https://t.co/jkZz4I3IiK

#Brooklyn99 https://t.co/m5WhMliVQ1"
2021-10-14 07:12:44+00:00,emilyjbranch,I truly wondered how the return of #Brooklyn99 was gonna feel after â€¦all of last yearâ€¦and I didnâ€™t think I wanted tâ€¦ https://t.co/HLM62WbuHR
2021-10-14 07:00:13+00:00,CameraShotHH,"Quote of the day - @andysamberg 

#quoteoftheday #truth #workwithpeopleyoulove #enjoyyourcompany #havefunonthejobâ€¦ https://t.co/6DlSomLBFh"
2021-10-14 06:13:06+00:00,ryudian,Watching #Brooklyn99 last ep got me like: https://t.co/ephdT75whG
2021-10-14 05:50:16+00:00,remihich,"I just paused  #Brooklyn99 because it sounds like a horror movie outside my apartment, still does so
If we die tonight...that's why"
2021-10-14 04:36:02+00:00,chadgrayson,And #Brooklyn99 goes out on top as one of my favorite shows of all time. I can't believe I slept on this for yearsâ€¦ https://t.co/PW9I1TktDm
2021-10-14 04:27:00+00:00,TaylorHu,"Finally worked up the courage to watch the #Brooklyn99 finale.

I'm not crying you're crying you shutup."
2021-10-14 03:24:28+00:00,kingink559,"Best shows #Dexter #thewalkingdead #Brooklyn99  #top3  

#brooklyn99 season 8 is soooo good"
2021-10-14 03:18:07+00:00,AnakinCapaldi,Enfim assisti o S02 | E04: Halloween II de Brooklyn Nine-Nine! #Brooklyn99 https://t.co/DO27gPD0cn #tvtime
2021-10-14 03:05:30+00:00,AlbertanKelly,"I like to escape by watching TV. Re-watched all the Hostels (didnâ€™t know it was Tarantino and Eli Roth)!!! 

Anywayâ€¦ https://t.co/qWukK6qrs2"
2021-10-14 02:41:42+00:00,theWeepingGirl_,"â€œShe makes me feel things.â€
â€œSHE MAKES EVERYONE FEEL THINGS.â€

#B99 #Brooklyn99 @taylorswift13"
2021-10-14 02:31:21+00:00,MumuLoverH,Â«Â Suicide squadÂ Â» ğŸ˜­ğŸ˜­ #Brooklyn99
2021-10-14 02:04:31+00:00,KariimeH,I've just watched S08 | E06 of Brooklyn Nine-Nine! #Brooklyn99  https://t.co/CVLXu5LmyZ #tvtime https://t.co/hEMf1EKqq3
2021-10-14 01:58:23+00:00,Pikymar,Acabo de ver el episodio S01 | E06 of Brooklyn Nine-Nine! #Brooklyn99  https://t.co/1MQfImsWzW #tvtime https://t.co/si4cjRKeHm
2021-10-14 01:57:37+00:00,lifeofbeccag,Holt and Kevin in the rain ğŸ˜­ğŸ˜­ğŸ˜­ğŸ˜­ #Brooklyn99
2021-10-14 01:46:52+00:00,KixKira,Listo el S07 | E05 de Brooklyn Nine-Nine! #Brooklyn99. .  https://t.co/DNQdhXFHdN #tvtime https://t.co/LWvCnN9NHo
2021-10-14 01:35:25+00:00,Pikymar,Acabo de ver el episodio S01 | E05 of Brooklyn Nine-Nine! #Brooklyn99  https://t.co/uypxXjHPGX #tvtime https://t.co/tBt33lIjNU
2021-10-14 01:35:16+00:00,Polymath_Creed,I'm actually really happy I just found you guys #Brooklyn99 and all the seasons I can binge while I'm sick withâ€¦ https://t.co/VsP9YFumFQ
2021-10-14 01:16:22+00:00,Pikymar,Acabo de ver el episodio S01 | E04 of Brooklyn Nine-Nine! #Brooklyn99  https://t.co/g3xJtopkZk #tvtime https://t.co/sFaaUn6xTj
2021-10-14 01:13:47+00:00,KixKira,Listo el S07 | E04 de Brooklyn Nine-Nine! #Brooklyn99. .  https://t.co/VgwWjdWWc2 #tvtime https://t.co/zAm0fnm4B2
2021-10-14 00:30:04+00:00,wayliraje,RT @amysprfct: â€œi look at her and i just knowâ€ #brooklyn99 https://t.co/TldP2NiRVP
2021-10-14 00:18:08+00:00,pullupsonic,RT @melissafumero: This is a great example of how amazing our #Brooklyn99 crew was- not only did they construct this hospital set in the miâ€¦
2021-10-13 22:56:11+00:00,J0E_85,"Rewatching #Brooklyn99 from the start, best show ever, can't wait to see the latest series when shown in the UK

#BrooklynNineNine
#NineNine"
2021-10-13 22:33:30+00:00,DaMENACE37OCR,#Brooklyn99 is unwatchable. Iâ€™m done with it.
2021-10-13 21:04:30+00:00,nevisanthony,"Detective Jake Peralta once said : ""The doctor said all my bleeding was internal. That's where the blood's supposed to be"". 

#Brooklyn99"
2021-10-13 20:24:03+00:00,MciendsBarchie,"My sweet people! I miss them so muchğŸ˜­â¤ï¸
#Brooklyn99 https://t.co/ozxYpa3rsR"
2021-10-13 20:03:59+00:00,LuliVignolo,RT @badpostandy: Andy's first and last scene on #Brooklyn99 https://t.co/cLO6qyKa4s
2021-10-13 19:19:39+00:00,stephsmanrara,open for a surprise #Brooklyn99 https://t.co/BnHcy3dvu9
2021-10-13 18:06:55+00:00,manic_podcast,Itâ€™s heist time and I mean Halloween heist time! Listen to our latest podcast on Spotify! #BrooklynNineNineâ€¦ https://t.co/8m01F05g4c
2021-10-13 17:51:08+00:00,_LightToMyDark,RT @peraltaspieshop: #ZoeysPlaylist x #Brooklyn99 cool cool cool cool cool ğŸ•¶ https://t.co/SwYklFtG0c
2021-10-13 17:49:46+00:00,afterbuzztv,"Who doesn't love a good sitcom?ğŸ“º
 
It's almost #Halloween, which means it's time to binge all those sitcom specialâ€¦ https://t.co/oTHVLVAfWc"
2021-10-13 16:24:39+00:00,lvbnx_,no doubt no doubt #Brooklyn99 ğŸ’› https://t.co/B8e9nqR6c6 https://t.co/sfrcUojc1O
2021-10-13 15:27:41+00:00,ZAfangirl,"I'm rewatching #Brooklyn99 and can I just say... Andy Samberg is pretty hot. 

I LOVE Jake Peralta! https://t.co/syCk2Qfspl"
2021-10-13 14:47:13+00:00,TheLastAesir,"@sachikoko If I lived in NY !!

My cats would be mad for a sec, but they would love #meow too

LOOK IN THE EYES!!!â€¦ https://t.co/8QQFekhvqg"
2021-10-13 12:02:31+00:00,DoDmmss,"RT @EraIsArt: Mister Mouse protects brooklyn 
.
.
.
.
.
#eraisart 
#mistermouse #mouse  #artwork #posca #marker #markerart #colors #sketchâ€¦"
2021-10-13 11:50:45+00:00,Sarvesh379,"@cricketaakash Terry loves love.

#Brooklynninenine 
#Brooklyn99 
@terrycrews"
2021-10-13 11:30:05+00:00,lils_romanoff,Remember captain holts posters from Season 3 ep3 well they are still up in the background of Season 6 ep14â€¦ https://t.co/CZmtMCrXY0
2021-10-13 10:43:05+00:00,EraIsArt,"Mister Mouse protects brooklyn 
.
.
.
.
.
#eraisart 
#mistermouse #mouse  #artwork #posca #marker #markerartâ€¦ https://t.co/cdTVcGIkXN"
2021-10-13 10:19:00+00:00,VavoDigital,"CS: The Dussehra post is approved by the brand, now you can schedule it.

Me: 

#AgencyLife #Brooklyn99 https://t.co/8QCriOgMI0"
2021-10-13 06:37:29+00:00,littycuntkitty,The way they walk all over terry &gt;&gt;&gt; #Brooklyn99
2021-10-13 06:32:59+00:00,rhymesandproses,"RT @rhymesandproses: Why are sitcom ships so freaking perfect and adorableğŸ˜­
I could never move on from Mondler and now Jake and AmyğŸ˜­â¤ï¸
Theyâ€¦"
2021-10-13 06:32:23+00:00,littycuntkitty,Lookin forward to rewatching #Brooklyn99 captain holt is everything
2021-10-13 03:39:01+00:00,dr_rsantosh,A daughter can be your bestie tooâ€¦ common likes for #srh #csk #ManCity #KDB #Donuts @thejordindian #Brooklyn99â€¦ https://t.co/wgMrXZcj4B
2021-10-13 19:23:03+00:00,PkMikeyT,"New episode! The wonderful @KatiePMcGrady came on #PopCultureCatechism to talk about #BrooklynNineNine 
https://t.co/48rsDMPQSZ"
2021-10-13 16:49:39+00:00,nostalgicgirlw,"Weekly Recap#1
#BUFFYTHEVAMPIRESLAYER #THEVAMPIREDIARIES #COMMUNITY #TEENWOLF #GOTHAM #FRINGE #LUCIFERâ€¦ https://t.co/dV2d3sfuXP"
2021-10-13 07:22:26+00:00,CptSean24,Holt and emojis ğŸ˜‚ğŸ˜‚ #BrooklynNineNine #CaptainHolt https://t.co/y7eitUf6P7
2021-10-13 02:45:11+00:00,AWG_1,"RT @AACTA: Calling all TV buffs! #SeriesMania begins tomorrow ğŸ‰ The four-day, online event will give you insights from creatives behind shoâ€¦"
2021-10-13 02:32:40+00:00,AACTA,"Calling all TV buffs! #SeriesMania begins tomorrow ğŸ‰ The four-day, online event will give you insights from creativâ€¦ https://t.co/KOkpFsPTi3"
2021-10-13 02:07:33+00:00,mareeffimero,"#Brooklyn99 â€¢ #BrooklynNineNine â€¢ #Peraltiago

ï¼ No matter what happens, you are not allowed to fall in love with mâ€¦ https://t.co/jlLOhU7VCL"
2021-10-13 01:20:08+00:00,RBblonde,"AND SCENE! ğŸ‘ğŸ‘ I did it! I finally finished

Noice

 #brooklynninenine #Brooklyn99 https://t.co/W8wthIzLsW"
2021-10-12 21:37:16+00:00,godofmarkets,ğŸ˜‚ @KyrieIrving dumbass. As a @warriors fan I love that this idiot is not playing! Please donâ€™t get vaccinated so weâ€¦ https://t.co/5SWYjzFvXF
2021-10-12 12:41:12+00:00,FromPhilippine,"RT @Thanos_Pagkidis: Weigh

#Persona3Portable #P3P #BrooklynNineNine https://t.co/jQjmRBKbVc"
2021-10-12 05:10:12+00:00,_nmr92,"Holt and Kevin split up ğŸ’” I don't like this season so far
#b99 #BrooklynNineNine #Brooklyn99"
2021-10-12 04:40:43+00:00,_nmr92,"What, Rosa quit the force ğŸ˜±ğŸ˜±ğŸ˜±ğŸ˜±ğŸ˜±
#b99 #BrooklynNineNine #Brooklyn99"
2021-10-12 01:46:51+00:00,duc_cris,Brooklyn Nine Nine - I have just completed this room! Check it out:  https://t.co/eRh6Cl37PB #tryhackme #securityâ€¦ https://t.co/CENyKCcRtb
2021-10-12 00:37:56+00:00,awkblu,gina linetti phoebe buffay Friends b99 Brooklyn nine-nine season 1 2 3 4 5 6 7 8 #FriendsReunion #Brooklyn99â€¦ https://t.co/yTlldCa7jW
2021-10-11 22:09:54+00:00,vinsmoke_kun,@Rajmeetsingh14 Melanie Hawkins!? Is that a #Brooklynninenine reference lol
2021-10-11 21:52:26+00:00,mwalmuandrew,Brooklyn Nine Nine - I have just completed this room! Check it out:  https://t.co/X8eneTUCPV #tryhackme #securityâ€¦ https://t.co/b5BSqZ2z6X
2021-10-11 16:43:41+00:00,LaFaarah,I miss #BrooklynNineNine  ğŸ¥²ğŸ¥²ğŸ¥²
2021-10-11 12:12:48+00:00,TheMeltingPat,Doing something different for my #Halloween episode this year: Which #BrooklynNineNine heist is your favorite?â€¦ https://t.co/T3GwsQcvJT
2021-10-11 10:35:05+00:00,allnerdkind,My favorite Jake Peralta bit is him purchasing the failing @therock crypto and the @TMNT NFT of Michelangelo eatingâ€¦ https://t.co/iKMtxo1OTO
2021-10-11 08:26:58+00:00,fjakeperalta,These days mood! #Brooklyn99 #BrooklynNineNine #jakeperalta https://t.co/pahUXNIoRa
2021-10-11 06:57:00+00:00,khkarthik,"#TVSeries #Week2 #BrooklynNineNine is a fun TV series which can be witty, beautiful, short episode series. Had to sâ€¦ https://t.co/Oqbc8luiTg"
2021-10-11 06:45:03+00:00,UrjaBamnotey,"RT @ItzKrrish_: 148. #BrooklynNineNine 

STRESSBUSTER ğŸ’¯

Fun fully loaded. One of the best comedy show! https://t.co/kSflMhF8h8"
2021-10-11 06:01:42+00:00,telebucomms,"This motivation definitely helps us to have a good start to the week! 

#Brooklyn99 #Brooklynninenine #Brooklynâ€¦ https://t.co/u7PxbUfaoW"
2021-10-10 22:00:01+00:00,Chekkee_,Under the general umbrella of moderation lies its types. Here is a reminder to moderate today and keep your communiâ€¦ https://t.co/9Nce0BHA4P
2021-10-10 21:57:58+00:00,hurleygirl550,@melissafumero this cracked me up. #brooklynninenine https://t.co/oQn4Rm6rY4
2021-10-10 19:30:46+00:00,donnie1976,"After holding up for a couplemof months, I finally watched the final episodes of #Brooklyn99 and, boy, I wasn't reaâ€¦ https://t.co/mBuP8yXIKj"
2021-10-10 19:19:47+00:00,KyleLivings92,RT @SHIELDZephyrOne: #Top10 Most Iconic #Numbers in #PopCulture by @WatchMojo #Movies #TVShows #90210BeverlyHills #BacktotheFuture #Brooklyâ€¦
2021-10-10 19:05:42+00:00,reshamberi,"All my â¤ï¸
Always makes me cry-this scene!  @nbcbrooklyn99 ğŸ˜­ğŸ˜­ğŸ˜­

#Brooklyn99 #Brooklynninenine https://t.co/TIeVZ6icUl"
2021-10-10 19:05:36+00:00,SHIELDZephyrOne,#Top10 Most Iconic #Numbers in #PopCulture by @WatchMojo #Movies #TVShows #90210BeverlyHills #BacktotheFutureâ€¦ https://t.co/uKuHIempTB
2021-10-10 18:25:15+00:00,ItahShira,Ok listen to me when I tell you that the best show Iâ€™ve ever seen is #BrooklynNineNine !!!
2021-10-10 18:19:11+00:00,witsays,"Nothing hurts more than ending for favourite series . NINE - NINE ğŸ˜­ğŸ¥²
#Brooklynninenine"
2021-10-10 17:56:07+00:00,jmbvmts,just watched season 8 episode 1 of #Brooklyn99 #BrooklynNineNine and it's sooooo depressing and heartbreaking. i'mâ€¦ https://t.co/ZEcnsPgz5p
2021-10-10 16:03:48+00:00,Pamsstation,"BROOKLYN NEW YORK - Weekend Getaway  Vlog = https://t.co/wUIfwDU1hp

#Brooklyn99 #BrooklynNineNine #BrooklynTogether"
2021-10-10 15:02:46+00:00,BuddyLove87,I'm about to watch #BrooklynNineNine during the second half probably
2021-10-10 14:32:17+00:00,nimaro24_nima,I started another rewatch of #BrooklynNineNine  and this was an emotional one considering it ended  and I have no mâ€¦ https://t.co/UTAfylqsTB
2021-10-10 14:17:59+00:00,crimsonlatte__,"RT @B_Jon_26: Raymond Holt - Brooklyn 99

Fanart from the amazing series Brooklyn 99, Ray Holt is one of my favorite characters.

#Brooklynâ€¦"
2021-10-09 20:56:50+00:00,fllior1,"I love clueless, childish characters way too much like Jake from #BrooklynNineNine, Troy from #community, Phil andâ€¦ https://t.co/qqYcp5iEKg"
2021-10-09 19:43:03+00:00,tweetsbyhk,saturday nights are so relaxing.we forget all the tensions and try to relax.finding a good movie or show is a biggeâ€¦ https://t.co/l81dZFi7SA
2021-10-09 16:06:03+00:00,Winterb58435003,"I'm still in doubt about the names and typo, but yeah

#Brooklyn99 #BrooklynNineNine #Fanart #posterdesignâ€¦ https://t.co/9BMM4Lecvf"
2021-10-09 12:30:10+00:00,messagink,"All the writing fans who also love Brooklyn Nine Nine. ğŸ˜

Hit the hearts below!

#brooklynninenine #brooklyn99â€¦ https://t.co/WPSsij0ZyB"
2021-10-09 12:06:00+00:00,PricklyCards,This funny #Brooklyn99 Christmas card is ideal for fans of the show... and for those who insist on signing their teâ€¦ https://t.co/jbcy4AkF7x
2021-10-09 11:21:15+00:00,Jimbob210712,@nbcbrooklyn99 #BrooklynNineNine #Brooklyn99 What a fantastic end to a fantastic Show! Never missed an Episode...!â€¦ https://t.co/GqOUncYI2H
2021-10-09 11:20:54+00:00,xoxoCorinne,Brooklyn Nine-Nine's HalloVeen episode is single-handedly one of the greatest episodes of television of all time.â€¦ https://t.co/lHS4hbYRQf
2021-10-09 10:16:06+00:00,ndechkul,Just watch the finale of #Brooklynninenine and can't stand the scene when the cellist call Jake ugly. Anyone realizâ€¦ https://t.co/q451OeynfO
2021-10-09 09:33:31+00:00,czarnomskajasmi,"okey, but when they wear FBI OR NYPD jackets they are 1727282 times HOTTER I CANT ğŸ¥°

#BrooklynNineNine #Brooklyn99 https://t.co/wTzzcsfYve"
2021-10-09 07:57:50+00:00,WRPLpodcast,"https://t.co/mQpK4QRWyr
Wow, this is a long one. We might have spent a little too much time reminiscing onâ€¦ https://t.co/XuPiHO0w3n"
2021-10-09 07:54:55+00:00,mikky_dahiya,"The ending of #Brooklynninenine is nothing but emotional and fun!
A perfect #Goodbye ğŸ™‚ğŸ¤“"
2021-10-09 07:48:25+00:00,BigShow42,Finally got around to watching the finale of #BrooklynNineNine and damn im gonna miss that show. #ninenine
2021-10-09 06:22:11+00:00,krayzie_vulcan,TO THE NINE NINE!! ğŸ¥‚ #BrooklynNineNine
2021-10-09 04:55:01+00:00,tvdbrii,"RT @ranjhaanaaa: Say you'll remember me,
Standing in a nice dress
Staring at the sunset, babe...

#BrooklynNineNine 
#B99 #PERALTIAGO #Jakeâ€¦"
2021-10-09 02:29:15+00:00,RomainAmiel,"I donâ€™t want #BrooklynNineNine to eeeeeeeeend! ğŸ˜­
It was meant to go for as long as the Simpsonsâ€¦ at least!"
2021-10-09 01:58:27+00:00,Alexxander_M,Whos cutting onions ğŸ˜­ğŸ˜­ğŸ˜­ğŸ˜­ğŸ˜­ğŸ˜­ This Convo between holt and Jake bro  #BrooklynNineNine
2021-10-09 01:56:45+00:00,Alexxander_M,"â€œThe one thing you couldnâ€™t figure out was how how to grow upâ€¦In the end you finally did.â€ 
#BrooklynNineNine https://t.co/E2nUQtuS1d"
2021-10-09 01:33:23+00:00,Alexxander_M,Yâ€™all brought back everybody/every memory for this last episode ğŸ˜­ #BrooklynNineNine https://t.co/Zl47805alM
2021-10-09 01:26:56+00:00,Alexxander_M,â€œSON OF A BITCH!! THIS A FAKE INTERVIEW!! THIS APART OF THE HEISTâ€ğŸ˜¹ğŸ˜¹ #BrooklynNineNine
2021-10-09 01:24:37+00:00,Alexxander_M,Jake At Home While Amy Workin that new job ğŸ˜¹ #BrooklynNineNine https://t.co/C3woH9jtnT
2021-10-09 00:29:23+00:00,annawebbyy,#BrooklynNineNine def ended wayyyy too fast
2021-10-08 20:52:38+00:00,RobCoke,"Fans of #BrooklynNineNine and #Cheers â€“ thoughts on my B99/Cheers theory?

Jake = Sam
Amy = Diane
Rosa = Carla
Terrâ€¦ https://t.co/ZILMI5Diei"
2021-10-08 19:53:36+00:00,JessAfonso5,"RT @cinnamongmedia: GINA IS BACK, THEY'RE TOGETHER AGAIN 

#BrooklynNineNine #B99 #brooklyn99

https://t.co/rwMxBGh5Mw"
2021-10-08 19:47:03+00:00,DragonsbroFragZ,SPOILER FREE! Ahh where do I even begin with this show canâ€™t believe itâ€™s been 8 years already I only started watchâ€¦ https://t.co/OvrxCkFqHc
2021-10-08 17:03:07+00:00,CharminHeshitha,this one is: Peralta Guaranteedâ¤ï¸ #Brooklyn99 #brooklynninenine #diehard ğŸ˜‚ https://t.co/Kf37wzpdSd
2021-10-08 17:01:25+00:00,Jason63533195,Happy turkey day! #BrooklynNineNine #b99spoilers #Brooklyn99
2021-10-08 16:06:12+00:00,RGR_Gaming,"Welcome to the NINE NINE all! 
I made just for you a FUNCIONAL police station in #thesims4 after the precinct fromâ€¦ https://t.co/QFs0rQLxam"
2021-10-08 14:53:04+00:00,mathteachermov1,"#deathatthewing #adammckay #hishouse #netflix #brooklynninenine #halloween @ Fairfield, Connecticut https://t.co/rwSd0edZcN"
2021-10-08 14:06:02+00:00,Otakuuukuu,"Where can I fin people to do a Halloween heist with?
#BrooklynNineNine #b99"
2021-10-08 08:50:56+00:00,ranjhaanaaa,"Say you'll remember me,
Standing in a nice dress
Staring at the sunset, babe...

#BrooklynNineNine 
#B99â€¦ https://t.co/cvRJaKi8JT"
2021-10-08 05:15:26+00:00,nuggin,"Here's an idea for Halloween 2021

You can still dress up but instead of going out, you stay at home and watch everâ€¦ https://t.co/rpxicumeTm"
2021-10-08 03:35:56+00:00,mmbfan,"Rewatching the ""Safe House"" episode of #BrooklynNineNine and @iamstephbeatz in the salon kills me every time! The nâ€¦ https://t.co/vbFvFgJp1o"
2021-10-07 23:42:58+00:00,shillas15,Really need someone to pick up Brooklyn 99. We need another season #Brooklyn99 #BrooklynNineNine
2021-10-07 20:55:50+00:00,mcneIIa,RT @nellagugliersi: B99 may have ended but I am on my now eighth rewatch and I have some things to share: my latest piece for Pop Off #Brooâ€¦
2021-10-07 20:55:18+00:00,nellagugliersi,B99 may have ended but I am on my now eighth rewatch and I have some things to share: my latest piece for Pop Offâ€¦ https://t.co/s6U2zt5hR3
2021-10-07 20:53:29+00:00,BillsworldYT,Watching Brooklyn Nine Nine right now I love it so much #BrooklynNineNine
2021-10-07 17:38:04+00:00,AbigailSmith999,Is my anxiety bad or did I just watch the last ever episode of my comfort show? #BrooklynNineNine
2021-10-07 17:36:55+00:00,cdub4521,First 7 minutes of the final season and itâ€™s already off the rails dumb. #BrooklynNineNine
